<aetgt:getResponse xmlns:aetgt="http://schemas.active-endpoints.com/appmodules/repository/2010/10/avrepository.xsd"
                   xmlns:types1="http://schemas.active-endpoints.com/appmodules/repository/2010/10/avrepository.xsd">
   <types1:Item>
      <types1:EntryId>pyqaa-gt-1870011-2020-03-24T18:08:14.252Z::conn.xml</types1:EntryId>
      <types1:Name>ICS-API</types1:Name>
      <types1:ParentFlowIds>BG53nQciSrZMSPf-gt-6187084-2020-03-24T18:08:16.441Z::pd.xml,BoxMXdzWztZK0CY-gt-1870031-2020-03-24T18:08:14.49Z::pd.xml,cgp5OjG4abck0Kn-gt-5013926-2020-04-23T17:34:19.03Z::pd.xml,f3zx6i4tciSrZMS-gt-1951733-2020-03-24T18:08:17.093Z::pd.xml,hHwzZsMBw8jIw8j-gt-5281313-2020-03-24T18:08:12.123Z::pd.xml,Hi5Xt1T4W6jKsJl-gt-5237579-2020-03-24T18:08:18.539Z::gt.xml,Jg7Gaaa-gt-5148370-2020-04-23T17:39:15.575Z::gt.xml,o1QLnzYLnzYLnzY-gt-5281366-2020-03-24T18:08:15.241Z::pd.xml,oRvsGRvDINciZBp-gt-1951753-2020-03-24T18:08:17.238Z::pd.xml,pckbclopz4KhPVE-gt-1951693-2020-03-24T18:08:14.245Z::pd.xml,PMaaaa-gt-26584560-2020-06-24T21:45:25.675Z::pd.xml,yPt8nTaaaaa-gt-1951723-2020-03-24T18:08:14.395Z::pd.xml</types1:ParentFlowIds>
      <types1:MimeType>application/xml+connection</types1:MimeType>
      <types1:Description>ICS API Connection</types1:Description>
      <types1:AppliesTo/>
      <types1:Tags/>
      <types1:VersionLabel>1.0</types1:VersionLabel>
      <types1:State>CURRENT</types1:State>
      <types1:ProcessGroup/>
      <types1:CreatedBy>jbrazda@unicosolution.com.dev</types1:CreatedBy>
      <types1:CreationDate>2020-03-24T18:08:14Z</types1:CreationDate>
      <types1:ModifiedBy>jbrazda@unicosolution.com.dev</types1:ModifiedBy>
      <types1:ModificationDate>2021-06-03T14:28:57Z</types1:ModificationDate>
      <types1:PublicationStatus>published</types1:PublicationStatus>
      <types1:PublishedBy>jbrazda@unicosolution.com.dev</types1:PublishedBy>
      <types1:PublicationDate>2021-06-03T14:29:05Z</types1:PublicationDate>
      <types1:PublishedContributionId>project:/rt.connection/ICS-API/ICS-API.conn.xml</types1:PublishedContributionId>
      <types1:AutosaveExists>false</types1:AutosaveExists>
      <types1:Entry>
         <connection xmlns="http://schemas.informatica.com/socrates/data-services/2014/04/avosConnections.xsd"
                     displayName="ICS-API"
                     label="ICS-API"
                     name="ICS-API">
            <description>ICS API Connection</description>
            <tags/>
            <agent/>
            <attributes>
               <attribute encrypted="false"
                          name="IcsLoginUrl"
                          value="https://dm-us.informaticacloud.com/ma"/>
               <attribute encrypted="false"
                          name="Username"
                          value="jbrazda@unicosolution.com.dev"/>
               <attribute encrypted="true" name="Password" value=""/>
            </attributes>
            <businessConnector xmlns="http://schemas.informatica.com/appmodules/screenflow/2014/04/avosConnectors.xsd"
                               agentOnly="false"
                               connectorPath="project:/rt.connector/ICS_API/ICS_API_svcDef.xml"
                               name="ICS_API"
                               supportsConnectionTest="false"
                               uuid="5948d459-e805-42c1-b510-47e0685c1be2">
               <description>Native connector for Informatica Cloud API.</description>
            </businessConnector>
         </connection>
      </types1:Entry>
      <types1:GUID>9yKFXii7ZmkiUYE6xjuwuh</types1:GUID>
      <types1:DisplayName>ICS-API</types1:DisplayName>
   </types1:Item>
   <types1:CurrentServerDateTime>2021-06-04T15:22:02.444Z</types1:CurrentServerDateTime>
</aetgt:getResponse>
