{
   "exportedObjects": [
      {
         "objectGuid": "crlIPLEmreZkJB8cKeYbga",
         "objectName": "Alerting",
         "objectType": "Project",
         "path": "/Explore",
         "metadata": {
            "additionalInfo": {
               "contentType": "Binary",
               "description": "This project contains processes and objects for custom Monitoring and Fault Alerts",
               "documentState": "COMPLETE"
            },
            "contextAttributes": [],
            "modelVersion": {
               "major": 0,
               "minor": 0
            },
            "objectRefs": [],
            "repoInfo": null
         }
      },
      {
         "objectGuid": "0VGm2IqngaverTE0u7Zb6K",
         "objectName": "Connections",
         "objectType": "Folder",
         "path": "/Explore/Alerting",
         "metadata": {
            "additionalInfo": {
               "contentType": "Binary",
               "description": "",
               "documentState": "COMPLETE"
            },
            "contextAttributes": [],
            "modelVersion": {
               "major": 0,
               "minor": 0
            },
            "objectRefs": [],
            "repoInfo": null
         }
      },
      {
         "objectGuid": "dUVrcfkRsUQcJfC2mayBuY",
         "objectName": "AWS-SQS-Alerts",
         "objectType": "AI_CONNECTION",
         "path": "/Explore/Alerting/Connections",
         "metadata": {
            "additionalInfo": {
               "contentType": "application/json; charset=utf-8",
               "description": "",
               "documentState": "VALID"
            },
            "contextAttributes": null,
            "modelVersion": {
               "major": 1,
               "minor": 0
            },
            "objectRefs": [],
            "repoInfo": {
               "repoHandle": "OAPbdutaaabbgdo-gt-2341612-2020-03-25T23:14:00.665Z::conn.xml"
            }
         }
      },
      {
         "objectGuid": "2Jw9v5SBMaglAclC0OqcSd",
         "objectName": "Email-Alerts-G01",
         "objectType": "AI_CONNECTION",
         "path": "/Explore/Alerting/Connections",
         "metadata": {
            "additionalInfo": {
               "contentType": "application/json; charset=utf-8",
               "description": "Shared Email Service to send  alerts and notifications for private SMTP accessible from Secure Agents",
               "documentState": "VALID"
            },
            "contextAttributes": null,
            "modelVersion": {
               "major": 1,
               "minor": 0
            },
            "objectRefs": [],
            "repoInfo": {
               "repoHandle": "i29QqdsQR6kbeJH-gt-52057384-2021-06-03T15:06:01.136Z::conn.xml"
            }
         }
      },
      {
         "objectGuid": "6kW78Fn72hzjZXV0oFE5am",
         "objectName": "Email-Alerts",
         "objectType": "AI_CONNECTION",
         "path": "/Explore/Alerting/Connections",
         "metadata": {
            "additionalInfo": {
               "contentType": "application/json; charset=utf-8",
               "description": "Shared Email Service to send  alerts and notifications",
               "documentState": "VALID"
            },
            "contextAttributes": null,
            "modelVersion": {
               "major": 1,
               "minor": 0
            },
            "objectRefs": [],
            "repoInfo": {
               "repoHandle": "6UuINciZBpDUQbg-gt-2341642-2020-03-25T23:14:00.893Z::conn.xml"
            }
         }
      },
      {
         "objectGuid": "2fJdGOrTzrteLpPrsXudqG",
         "objectName": "github-gist-alert-configuration",
         "objectType": "AI_CONNECTION",
         "path": "/Explore/Alerting/Connections",
         "metadata": {
            "additionalInfo": {
               "contentType": "application/json; charset=utf-8",
               "description": "Github Gist API connection to manage Alert Service Configurations",
               "documentState": "VALID"
            },
            "contextAttributes": null,
            "modelVersion": {
               "major": 1,
               "minor": 0
            },
            "objectRefs": [
               "9T6SRi7SD2Ik90R03f8dsX"
            ],
            "repoInfo": {
               "repoHandle": "qwx8R8WrY1SypmX-gt-7365196-2020-03-25T23:14:02.527Z::conn.xml"
            }
         }
      },
      {
         "objectGuid": "9T6SRi7SD2Ik90R03f8dsX",
         "objectName": "github-gist",
         "objectType": "AI_SERVICE_CONNECTOR",
         "path": "/Explore/Tools/ServiceConnectors",
         "metadata": {
            "additionalInfo": {
               "contentType": "application/json; charset=utf-8",
               "description": "Github REST V3 APi to manage Gists\nsee https://developer.github.com/v3/gists/\n\nThis connector is useful to store and retrive configurations, templates, snippets, etc",
               "documentState": "VALID"
            },
            "contextAttributes": null,
            "modelVersion": {
               "major": 1,
               "minor": 0
            },
            "objectRefs": [],
            "repoInfo": {
               "repoHandle": "dv7yjJYKqUlLnzY-gt-5237472-2020-03-24T18:08:13.058Z::svc.xml"
            }
         }
      },
      {
         "objectGuid": "0no1YZOytACk8uRnaQOduk",
         "objectName": "gitlab-snippets-alert-configuration",
         "objectType": "AI_CONNECTION",
         "path": "/Explore/Alerting/Connections",
         "metadata": {
            "additionalInfo": {
               "contentType": "application/json; charset=utf-8",
               "description": "Gitlab Storage provider Connection to store Alert Service Configurations as gitlab Snippets",
               "documentState": "VALID"
            },
            "contextAttributes": null,
            "modelVersion": {
               "major": 1,
               "minor": 0
            },
            "objectRefs": [
               "5aLJgZIK8wekZYYldV5Qmz"
            ],
            "repoInfo": {
               "repoHandle": "qZx1XmgaabclvAh-gt-7365226-2020-03-25T23:14:02.626Z::conn.xml"
            }
         }
      },
      {
         "objectGuid": "5aLJgZIK8wekZYYldV5Qmz",
         "objectName": "gitlab-snippets",
         "objectType": "AI_SERVICE_CONNECTOR",
         "path": "/Explore/Tools/ServiceConnectors",
         "metadata": {
            "additionalInfo": {
               "contentType": "application/json; charset=utf-8",
               "description": "Provides Support to store  and retrieve configurations or other files as gitlab Snippets\nSee https://gitlab.com/help/api/README.md",
               "documentState": "VALID"
            },
            "contextAttributes": null,
            "modelVersion": {
               "major": 1,
               "minor": 0
            },
            "objectRefs": [],
            "repoInfo": {
               "repoHandle": "DNVabbfTQbdxWq9-gt-6187018-2020-03-24T18:08:13.475Z::svc.xml"
            }
         }
      },
      {
         "objectGuid": "ihNnxej9lOijipnO9z54a4",
         "objectName": "Guides",
         "objectType": "Folder",
         "path": "/Explore/Alerting",
         "metadata": {
            "additionalInfo": {
               "contentType": "Binary",
               "description": "",
               "documentState": "COMPLETE"
            },
            "contextAttributes": [],
            "modelVersion": {
               "major": 0,
               "minor": 0
            },
            "objectRefs": [],
            "repoInfo": null
         }
      },
      {
         "objectGuid": "9a53nLp4OIhjqHwaCDI0gZ",
         "objectName": "Alert Configuration Manager",
         "objectType": "GUIDE",
         "path": "/Explore/Alerting/Guides",
         "metadata": {
            "additionalInfo": {
               "contentType": "application/json; charset=utf-8",
               "description": "This guide provides set of tools to manage, generate and test Fault Alert Service Configuration",
               "documentState": "VALID"
            },
            "contextAttributes": null,
            "modelVersion": {
               "major": 1,
               "minor": 0
            },
            "objectRefs": [
               "5HkyjCqUbvYfzsgmI7fwcw",
               "cl8knTQGCSQb6MQhyH12Ut",
               "0no1YZOytACk8uRnaQOduk",
               "7dlPL5Q2HIDitkNjx7jBQU",
               "lKJsk3UE6KjdXexESZSycK",
               "gEj5IRxX4gJgsLJ33z58qv",
               "6awi7KEgKmnfNUjHHuVJic",
               "jpQ4SSUd8W8ie8NtOTsAAr",
               "3F9xdqPMhsgjQx07TZa5sr",
               "ajAViSjVGBacGGuYjum320",
               "3SdosLSHKE9jTes0Sbsqo0",
               "2fJdGOrTzrteLpPrsXudqG"
            ],
            "repoInfo": {
               "repoHandle": "aabbeJOSM8NciZB-gt-6346531-2020-03-25T23:14:04.901Z::gt.xml"
            }
         }
      },
      {
         "objectGuid": "5HkyjCqUbvYfzsgmI7fwcw",
         "objectName": "Github Gist Storage Manager",
         "objectType": "GUIDE",
         "path": "/Explore/Alerting/Guides",
         "metadata": {
            "additionalInfo": {
               "contentType": "application/json; charset=utf-8",
               "description": "Guide Save/Load/List Configurations Stored as Github Gist",
               "documentState": "VALID"
            },
            "contextAttributes": null,
            "modelVersion": {
               "major": 1,
               "minor": 0
            },
            "objectRefs": [
               "2fJdGOrTzrteLpPrsXudqG"
            ],
            "repoInfo": {
               "repoHandle": "Bxiggor3rp3yD7t-gt-7365277-2020-03-25T23:14:03.645Z::gt.xml"
            }
         }
      },
      {
         "objectGuid": "cl8knTQGCSQb6MQhyH12Ut",
         "objectName": "action",
         "objectType": "PROCESS_OBJECT",
         "path": "/Explore/Alerting/ProcessObjects",
         "metadata": {
            "additionalInfo": {
               "contentType": "application/json; charset=utf-8",
               "description": "Alert Action Decriptor",
               "documentState": "VALID"
            },
            "contextAttributes": null,
            "modelVersion": {
               "major": 1,
               "minor": 0
            },
            "objectRefs": [],
            "repoInfo": {
               "repoHandle": "3QhNzUzeA8rJ4pb-gt-6346385-2020-03-25T23:14:01.088Z::po.xml"
            }
         }
      },
      {
         "objectGuid": "7dlPL5Q2HIDitkNjx7jBQU",
         "objectName": "condition",
         "objectType": "PROCESS_OBJECT",
         "path": "/Explore/Alerting/ProcessObjects",
         "metadata": {
            "additionalInfo": {
               "contentType": "application/json; charset=utf-8",
               "description": "Match Condition can be one of the defined types and negated",
               "documentState": "VALID"
            },
            "contextAttributes": null,
            "modelVersion": {
               "major": 1,
               "minor": 0
            },
            "objectRefs": [],
            "repoInfo": {
               "repoHandle": "PUEWglH8n55ErhN-gt-6346355-2020-03-25T23:14:00.766Z::po.xml"
            }
         }
      },
      {
         "objectGuid": "lKJsk3UE6KjdXexESZSycK",
         "objectName": "action-ref",
         "objectType": "PROCESS_OBJECT",
         "path": "/Explore/Alerting/ProcessObjects",
         "metadata": {
            "additionalInfo": {
               "contentType": "application/json; charset=utf-8",
               "description": "Altert Action reference",
               "documentState": "VALID"
            },
            "contextAttributes": null,
            "modelVersion": {
               "major": 1,
               "minor": 0
            },
            "objectRefs": [],
            "repoInfo": {
               "repoHandle": "jsGuDoWn2sqeErh-gt-2341632-2020-03-25T23:14:00.815Z::po.xml"
            }
         }
      },
      {
         "objectGuid": "gEj5IRxX4gJgsLJ33z58qv",
         "objectName": "FaultAlertConfiguration",
         "objectType": "PROCESS_OBJECT",
         "path": "/Explore/Alerting/ProcessObjects",
         "metadata": {
            "additionalInfo": {
               "contentType": "application/json; charset=utf-8",
               "description": "PO  to define Fault Alert Service Configuration and also Output of Alert Rules evaluation",
               "documentState": "VALID"
            },
            "contextAttributes": null,
            "modelVersion": {
               "major": 1,
               "minor": 0
            },
            "objectRefs": [
               "bDc1JyCweSqgiI9ugh5dwD",
               "6MExyLqRu2bi4W3D83NIAA",
               "g3sDpxvzb41dIEbIRpTycZ"
            ],
            "repoInfo": {
               "repoHandle": "goXFtclq1iUsRvs-gt-6346475-2020-03-25T23:14:04.11Z::po.xml"
            }
         }
      },
      {
         "objectGuid": "6awi7KEgKmnfNUjHHuVJic",
         "objectName": "rule",
         "objectType": "PROCESS_OBJECT",
         "path": "/Explore/Alerting/ProcessObjects",
         "metadata": {
            "additionalInfo": {
               "contentType": "application/json; charset=utf-8",
               "description": "Rule with of Conditions to be evaluated using logical operator provided and perform specified action",
               "documentState": "VALID"
            },
            "contextAttributes": null,
            "modelVersion": {
               "major": 1,
               "minor": 0
            },
            "objectRefs": [
               "7dlPL5Q2HIDitkNjx7jBQU",
               "lKJsk3UE6KjdXexESZSycK"
            ],
            "repoInfo": {
               "repoHandle": "JOnCBtBghuImXyc-gt-7365236-2020-03-25T23:14:02.657Z::po.xml"
            }
         }
      },
      {
         "objectGuid": "jpQ4SSUd8W8ie8NtOTsAAr",
         "objectName": "Gitlab Snippets Storage Manager",
         "objectType": "GUIDE",
         "path": "/Explore/Alerting/Guides",
         "metadata": {
            "additionalInfo": {
               "contentType": "application/json; charset=utf-8",
               "description": "Guide Save/Load/List Configurations Stored in Gitlab",
               "documentState": "VALID"
            },
            "contextAttributes": null,
            "modelVersion": {
               "major": 1,
               "minor": 0
            },
            "objectRefs": [
               "0no1YZOytACk8uRnaQOduk"
            ],
            "repoInfo": {
               "repoHandle": "r5wq9bdsreK8ZAZ-gt-7365267-2020-03-25T23:14:03.528Z::gt.xml"
            }
         }
      },
      {
         "objectGuid": "3F9xdqPMhsgjQx07TZa5sr",
         "objectName": "SP-ConvertAttachmentToText",
         "objectType": "PROCESS",
         "path": "/Explore/Tools/Processes",
         "metadata": {
            "additionalInfo": {
               "contentType": "application/json; charset=utf-8",
               "description": "Process converts an Attachment field to text",
               "documentState": "VALID"
            },
            "contextAttributes": null,
            "modelVersion": {
               "major": 1,
               "minor": 0
            },
            "objectRefs": [
               "3SdosLSHKE9jTes0Sbsqo0"
            ],
            "repoInfo": {
               "repoHandle": "uUHukfRLdqcgm8l-gt-1951773-2020-03-24T18:08:17.327Z::pd.xml"
            }
         }
      },
      {
         "objectGuid": "ajAViSjVGBacGGuYjum320",
         "objectName": "action-email",
         "objectType": "PROCESS_OBJECT",
         "path": "/Explore/Alerting/ProcessObjects",
         "metadata": {
            "additionalInfo": {
               "contentType": "application/json; charset=utf-8",
               "description": "PO to store Email Action details  Such as subject recipients",
               "documentState": "VALID"
            },
            "contextAttributes": null,
            "modelVersion": {
               "major": 1,
               "minor": 0
            },
            "objectRefs": [],
            "repoInfo": {
               "repoHandle": "Ejk3zx6i4tciSrZ-gt-6346365-2020-03-25T23:14:00.849Z::po.xml"
            }
         }
      },
      {
         "objectGuid": "3SdosLSHKE9jTes0Sbsqo0",
         "objectName": "AttachmentInformation",
         "objectType": "PROCESS_OBJECT",
         "path": "/Explore/Tools/ProcessObjects",
         "metadata": {
            "additionalInfo": {
               "contentType": "application/json; charset=utf-8",
               "description": "Attachment Object Information Holder",
               "documentState": "VALID"
            },
            "contextAttributes": null,
            "modelVersion": {
               "major": 1,
               "minor": 0
            },
            "objectRefs": [],
            "repoInfo": {
               "repoHandle": "0Izx6i4tciSrZMS-gt-5281283-2020-03-24T18:08:11.997Z::po.xml"
            }
         }
      },
      {
         "objectGuid": "2ktRfuITyF9f5VqV7IuM0x",
         "objectName": "Secure Agent Monitor",
         "objectType": "GUIDE",
         "path": "/Explore/Alerting/Guides",
         "metadata": {
            "additionalInfo": {
               "contentType": "application/json; charset=utf-8",
               "description": "",
               "documentState": "VALID"
            },
            "contextAttributes": null,
            "modelVersion": {
               "major": 1,
               "minor": 0
            },
            "objectRefs": [
               "0UyujOCpoiokMXGJttFUIU",
               "9yKFXii7ZmkiUYE6xjuwuh",
               "1HJHJCwGsssdiOM956Fo24"
            ],
            "repoInfo": {
               "repoHandle": "Jg7Gaaa-gt-5148370-2020-04-23T17:39:15.575Z::gt.xml"
            }
         }
      },
      {
         "objectGuid": "0UyujOCpoiokMXGJttFUIU",
         "objectName": "IICS-REST-API-V2",
         "objectType": "AI_CONNECTION",
         "path": "/Explore/Tools/Connections",
         "metadata": {
            "additionalInfo": {
               "contentType": "application/json; charset=utf-8",
               "description": "Connector provides access to get Secure Agent Details via IICS REST V2 API use  built-in IICS connector to get access Token",
               "documentState": "VALID"
            },
            "contextAttributes": null,
            "modelVersion": {
               "major": 1,
               "minor": 0
            },
            "objectRefs": [
               "a3UJFZgHrYziHawHm3HrIE"
            ],
            "repoInfo": {
               "repoHandle": "YNqRi92qBbbeJOS-gt-5032181-2020-04-23T18:35:13.816Z::conn.xml"
            }
         }
      },
      {
         "objectGuid": "9yKFXii7ZmkiUYE6xjuwuh",
         "objectName": "ICS-API",
         "objectType": "AI_CONNECTION",
         "path": "/Explore/Tools/Connections",
         "metadata": {
            "additionalInfo": {
               "contentType": "application/json; charset=utf-8",
               "description": "ICS API Connection",
               "documentState": "VALID"
            },
            "contextAttributes": null,
            "modelVersion": {
               "major": 1,
               "minor": 0
            },
            "objectRefs": [],
            "repoInfo": {
               "repoHandle": "pyqaa-gt-1870011-2020-03-24T18:08:14.252Z::conn.xml"
            }
         }
      },
      {
         "objectGuid": "1HJHJCwGsssdiOM956Fo24",
         "objectName": "SecureAgentMonitor",
         "objectType": "PROCESS",
         "path": "/Explore/Alerting/Processes",
         "metadata": {
            "additionalInfo": {
               "contentType": "application/json; charset=utf-8",
               "description": "Process Monitors Secure Agents Health and Reports Issues",
               "documentState": "VALID"
            },
            "contextAttributes": null,
            "modelVersion": {
               "major": 1,
               "minor": 0
            },
            "objectRefs": [
               "6kW78Fn72hzjZXV0oFE5am",
               "0UyujOCpoiokMXGJttFUIU",
               "9yKFXii7ZmkiUYE6xjuwuh"
            ],
            "repoInfo": {
               "repoHandle": "cgp5OjG4abck0Kn-gt-5013926-2020-04-23T17:34:19.03Z::pd.xml"
            }
         }
      },
      {
         "objectGuid": "lpn35HbYeOfkYf6L6kLoMT",
         "objectName": "ProcessObjects",
         "objectType": "Folder",
         "path": "/Explore/Alerting",
         "metadata": {
            "additionalInfo": {
               "contentType": "Binary",
               "description": "",
               "documentState": "COMPLETE"
            },
            "contextAttributes": [],
            "modelVersion": {
               "major": 0,
               "minor": 0
            },
            "objectRefs": [],
            "repoInfo": null
         }
      },
      {
         "objectGuid": "gvymf8kFakmiInM6sJrjYX",
         "objectName": "AgentMonitorConfiguration",
         "objectType": "PROCESS_OBJECT",
         "path": "/Explore/Alerting/ProcessObjects",
         "metadata": {
            "additionalInfo": {
               "contentType": "application/json; charset=utf-8",
               "description": "Process Object for Agent Monitor Configuration",
               "documentState": "VALID"
            },
            "contextAttributes": null,
            "modelVersion": {
               "major": 1,
               "minor": 0
            },
            "objectRefs": [
               "bDc1JyCweSqgiI9ugh5dwD"
            ],
            "repoInfo": {
               "repoHandle": "bbeDi34jBvSx0aa-gt-8620341-2020-04-28T02:26:22.016Z::po.xml"
            }
         }
      },
      {
         "objectGuid": "bDc1JyCweSqgiI9ugh5dwD",
         "objectName": "actions",
         "objectType": "PROCESS_OBJECT",
         "path": "/Explore/Alerting/ProcessObjects",
         "metadata": {
            "additionalInfo": {
               "contentType": "application/json; charset=utf-8",
               "description": "List of actions for a Alert Event",
               "documentState": "VALID"
            },
            "contextAttributes": null,
            "modelVersion": {
               "major": 1,
               "minor": 0
            },
            "objectRefs": [
               "cl8knTQGCSQb6MQhyH12Ut"
            ],
            "repoInfo": {
               "repoHandle": "IGSM8NciZBpDUQb-gt-7365206-2020-03-25T23:14:02.556Z::po.xml"
            }
         }
      },
      {
         "objectGuid": "6MExyLqRu2bi4W3D83NIAA",
         "objectName": "alert-config",
         "objectType": "PROCESS_OBJECT",
         "path": "/Explore/Alerting/ProcessObjects",
         "metadata": {
            "additionalInfo": {
               "contentType": "application/json; charset=utf-8",
               "description": "Alert Configuration Properties",
               "documentState": "VALID"
            },
            "contextAttributes": null,
            "modelVersion": {
               "major": 1,
               "minor": 0
            },
            "objectRefs": [],
            "repoInfo": {
               "repoHandle": "xX0ls2z8Uuopz4K-gt-2341622-2020-03-25T23:14:00.737Z::po.xml"
            }
         }
      },
      {
         "objectGuid": "g3sDpxvzb41dIEbIRpTycZ",
         "objectName": "rules",
         "objectType": "PROCESS_OBJECT",
         "path": "/Explore/Alerting/ProcessObjects",
         "metadata": {
            "additionalInfo": {
               "contentType": "application/json; charset=utf-8",
               "description": "Condition Group for Alert level - Are evaluated in following order error, warning, error OR logical operator is used to  evaluate groups of conditions if any group returns true than the level is selected",
               "documentState": "VALID"
            },
            "contextAttributes": null,
            "modelVersion": {
               "major": 1,
               "minor": 0
            },
            "objectRefs": [
               "6awi7KEgKmnfNUjHHuVJic"
            ],
            "repoInfo": {
               "repoHandle": "9t4ydx2CGeFRqXp-gt-7365253-2020-03-25T23:14:03.398Z::po.xml"
            }
         }
      },
      {
         "objectGuid": "hmO0DmWSqUYlausz9JEzs5",
         "objectName": "Processes",
         "objectType": "Folder",
         "path": "/Explore/Alerting",
         "metadata": {
            "additionalInfo": {
               "contentType": "Binary",
               "description": "",
               "documentState": "COMPLETE"
            },
            "contextAttributes": [],
            "modelVersion": {
               "major": 0,
               "minor": 0
            },
            "objectRefs": [],
            "repoInfo": null
         }
      },
      {
         "objectGuid": "2ePABy3i6qIdAF28D522Ch",
         "objectName": "SCH-SecureAgentMonitor",
         "objectType": "PROCESS",
         "path": "/Explore/Alerting/Processes",
         "metadata": {
            "additionalInfo": {
               "contentType": "application/json; charset=utf-8",
               "description": "Process to Set and Schedule Agent Monitor",
               "documentState": "VALID"
            },
            "contextAttributes": null,
            "modelVersion": {
               "major": 1,
               "minor": 0
            },
            "objectRefs": [
               "0UyujOCpoiokMXGJttFUIU",
               "1HJHJCwGsssdiOM956Fo24"
            ],
            "repoInfo": {
               "repoHandle": "AjBeE1KoJBUhtyc-gt-5623320-2020-04-28T02:18:41.426Z::pd.xml"
            }
         }
      },
      {
         "objectGuid": "4zYmeUtH43beMJKRvr3vWo",
         "objectName": "UncaughtFaultAlertHandler-Cloud",
         "objectType": "PROCESS",
         "path": "/Explore/Alerting/Processes",
         "metadata": {
            "additionalInfo": {
               "contentType": "application/json; charset=utf-8",
               "description": "Process Engine Fault Alert handler allows to send notifcations based on declarative conditions Faults can be ignored",
               "documentState": "VALID"
            },
            "contextAttributes": null,
            "modelVersion": {
               "major": 1,
               "minor": 0
            },
            "objectRefs": [
               "6kW78Fn72hzjZXV0oFE5am",
               "ajAViSjVGBacGGuYjum320",
               "cl8knTQGCSQb6MQhyH12Ut",
               "0no1YZOytACk8uRnaQOduk",
               "lKJsk3UE6KjdXexESZSycK",
               "gEj5IRxX4gJgsLJ33z58qv",
               "2fJdGOrTzrteLpPrsXudqG"
            ],
            "repoInfo": {
               "repoHandle": "GlBghNf4TsrT2ht-gt-6346513-2020-03-25T23:14:04.52Z::pd.xml"
            }
         }
      },
      {
         "objectGuid": "76syjaJLYO1eQZO23DoCcR",
         "objectName": "UncaughtFaultAlertHandler-G01",
         "objectType": "PROCESS",
         "path": "/Explore/Alerting/Processes",
         "metadata": {
            "additionalInfo": {
               "contentType": "application/json; charset=utf-8",
               "description": "Process Engine Fault Alert handler allows to send notifcations based on declarative conditions Faults can be ignored",
               "documentState": "VALID"
            },
            "contextAttributes": null,
            "modelVersion": {
               "major": 1,
               "minor": 0
            },
            "objectRefs": [
               "ajAViSjVGBacGGuYjum320",
               "cl8knTQGCSQb6MQhyH12Ut",
               "2Jw9v5SBMaglAclC0OqcSd",
               "0no1YZOytACk8uRnaQOduk",
               "lKJsk3UE6KjdXexESZSycK",
               "gEj5IRxX4gJgsLJ33z58qv",
               "2fJdGOrTzrteLpPrsXudqG"
            ],
            "repoInfo": {
               "repoHandle": "dq9bdsreK8ZAZf5-gt-6346495-2020-03-25T23:14:04.405Z::pd.xml"
            }
         }
      },
      {
         "objectGuid": "6GODajHA2Abk24033zBSwQ",
         "objectName": "Tools",
         "objectType": "Project",
         "path": "/Explore",
         "metadata": {
            "additionalInfo": {
               "contentType": "Binary",
               "description": "Project Contains Utility Connections, Processes and Guides",
               "documentState": "COMPLETE"
            },
            "contextAttributes": [],
            "modelVersion": {
               "major": 0,
               "minor": 0
            },
            "objectRefs": [],
            "repoInfo": null
         }
      },
      {
         "objectGuid": "kjjwOn3FGKadzBVYxV9L2u",
         "objectName": "Connections",
         "objectType": "Folder",
         "path": "/Explore/Tools",
         "metadata": {
            "additionalInfo": {
               "contentType": "Binary",
               "description": "Tools Connections",
               "documentState": "COMPLETE"
            },
            "contextAttributes": [],
            "modelVersion": {
               "major": 0,
               "minor": 0
            },
            "objectRefs": [],
            "repoInfo": null
         }
      },
      {
         "objectGuid": "a3UJFZgHrYziHawHm3HrIE",
         "objectName": "IICS-REST-API-V2",
         "objectType": "AI_SERVICE_CONNECTOR",
         "path": "/Explore/Tools/ServiceConnectors",
         "metadata": {
            "additionalInfo": {
               "contentType": "application/json; charset=utf-8",
               "description": "The REST API version 2 resources in this section apply to multiple services in Informatica Intelligent Cloud Services. This connector is complementary ti IICS Built-in connector it ads functionality not impleented in Built in ICS API connector",
               "documentState": "VALID"
            },
            "contextAttributes": null,
            "modelVersion": {
               "major": 1,
               "minor": 0
            },
            "objectRefs": [],
            "repoInfo": {
               "repoHandle": "m2FNBeNTYglxbdy-gt-2226164-2020-04-23T18:07:45.196Z::svc.xml"
            }
         }
      },
      {
         "objectGuid": "20OeF7bbz44izgPp4p454Z",
         "objectName": "ProcessObjects",
         "objectType": "Folder",
         "path": "/Explore/Tools",
         "metadata": {
            "additionalInfo": {
               "contentType": "Binary",
               "description": "",
               "documentState": "COMPLETE"
            },
            "contextAttributes": [],
            "modelVersion": {
               "major": 0,
               "minor": 0
            },
            "objectRefs": [],
            "repoInfo": null
         }
      },
      {
         "objectGuid": "knJEykW9ug4lmAw2PS5yMg",
         "objectName": "Processes",
         "objectType": "Folder",
         "path": "/Explore/Tools",
         "metadata": {
            "additionalInfo": {
               "contentType": "Binary",
               "description": "",
               "documentState": "COMPLETE"
            },
            "contextAttributes": [],
            "modelVersion": {
               "major": 0,
               "minor": 0
            },
            "objectRefs": [],
            "repoInfo": null
         }
      },
      {
         "objectGuid": "kbRvcnXII4AfQPTqDwaMaQ",
         "objectName": "ServiceConnectors",
         "objectType": "Folder",
         "path": "/Explore/Tools",
         "metadata": {
            "additionalInfo": {
               "contentType": "Binary",
               "description": "",
               "documentState": "COMPLETE"
            },
            "contextAttributes": [],
            "modelVersion": {
               "major": 0,
               "minor": 0
            },
            "objectRefs": [],
            "repoInfo": null
         }
      }
   ]
}