{
   "exportedObjects": [
      {
         "objectGuid": "6Un1T1CptGGc9J8bfUHOWj",
         "objectName": "Alerting",
         "objectType": "Project",
         "path": "/Explore",
         "metadata": {
            "additionalInfo": {
               "contentType": "Binary",
               "description": "This project contains processes and objects for custom Monitoring and Fault Alerts",
               "documentState": "COMPLETE"
            },
            "contextAttributes": [],
            "modelVersion": {
               "major": 0,
               "minor": 0
            },
            "objectRefs": [],
            "repoInfo": null
         }
      },
      {
         "objectGuid": "2x6ixxuVb9adGyQ78Amke0",
         "objectName": "Connections",
         "objectType": "Folder",
         "path": "/Explore/Alerting",
         "metadata": {
            "additionalInfo": {
               "contentType": "Binary",
               "description": "",
               "documentState": "COMPLETE"
            },
            "contextAttributes": [],
            "modelVersion": {
               "major": 0,
               "minor": 0
            },
            "objectRefs": [],
            "repoInfo": null
         }
      },
      {
         "objectGuid": "4XgVJDNt2gWi0Zq9iBgPo2",
         "objectName": "AWS-SQS-Alerts",
         "objectType": "AI_CONNECTION",
         "path": "/Explore/Alerting/Connections",
         "metadata": {
            "additionalInfo": {
               "contentType": "application/json; charset=utf-8",
               "description": "",
               "documentState": "VALID"
            },
            "contextAttributes": null,
            "modelVersion": {
               "major": 1,
               "minor": 0
            },
            "objectRefs": [],
            "repoInfo": {
               "repoHandle": "BhsydsUf2hwq9bd-gt-5883394-2019-06-20T21:20:49.437Z::conn.xml"
            }
         }
      },
      {
         "objectGuid": "cOur0Hdz9oshd8U7LIuIiD",
         "objectName": "Email-Alerts",
         "objectType": "AI_CONNECTION",
         "path": "/Explore/Alerting/Connections",
         "metadata": {
            "additionalInfo": {
               "contentType": "application/json; charset=utf-8",
               "description": "Shared Email Service to send  alerts and notifications",
               "documentState": "VALID"
            },
            "contextAttributes": null,
            "modelVersion": {
               "major": 1,
               "minor": 0
            },
            "objectRefs": [],
            "repoInfo": {
               "repoHandle": "uwSSp7aa-gt-6298602-2019-06-21T17:27:21.337Z::conn.xml"
            }
         }
      },
      {
         "objectGuid": "2AJJfAJqQLkaZMytvRBVWR",
         "objectName": "github-gist-alert-configuration",
         "objectType": "AI_CONNECTION",
         "path": "/Explore/Alerting/Connections",
         "metadata": {
            "additionalInfo": {
               "contentType": "application/json; charset=utf-8",
               "description": "Github Gist API connection to manage Alert Service Configurations",
               "documentState": "VALID"
            },
            "contextAttributes": null,
            "modelVersion": {
               "major": 1,
               "minor": 0
            },
            "objectRefs": [
               "aXpKwYgvdgcbMOhXzbXTqd"
            ],
            "repoInfo": {
               "repoHandle": "XShOeCFk4AdypKw-gt-6237215-2019-06-21T13:55:49.804Z::conn.xml"
            }
         }
      },
      {
         "objectGuid": "aXpKwYgvdgcbMOhXzbXTqd",
         "objectName": "github-gist",
         "objectType": "AI_SERVICE_CONNECTOR",
         "path": "/Explore/Tools/ServiceConnectors",
         "metadata": {
            "additionalInfo": {
               "contentType": "application/json; charset=utf-8",
               "description": "Github REST V3 APi to manage Gists\nsee https://developer.github.com/v3/gists/\n\nThis connector is useful to store and retrive configurations, templates, snippets, etc",
               "documentState": "VALID"
            },
            "contextAttributes": null,
            "modelVersion": {
               "major": 1,
               "minor": 0
            },
            "objectRefs": [],
            "repoInfo": {
               "repoHandle": "KjvMKQr3rp3yD7t-gt-4147664-2019-06-19T14:29:04.059Z::svc.xml"
            }
         }
      },
      {
         "objectGuid": "aMaOG9eNkordSci9bq7hQU",
         "objectName": "Guides",
         "objectType": "Folder",
         "path": "/Explore/Alerting",
         "metadata": {
            "additionalInfo": {
               "contentType": "Binary",
               "description": "",
               "documentState": "COMPLETE"
            },
            "contextAttributes": [],
            "modelVersion": {
               "major": 0,
               "minor": 0
            },
            "objectRefs": [],
            "repoInfo": null
         }
      },
      {
         "objectGuid": "8zodeZJhfnBdPPMtFf1DQE",
         "objectName": "Alert Configuration Manager",
         "objectType": "GUIDE",
         "path": "/Explore/Alerting/Guides",
         "metadata": {
            "additionalInfo": {
               "contentType": "application/json; charset=utf-8",
               "description": "This guide provides set of tools to manage, generate and test Fault Alert Service Configuration",
               "documentState": "VALID"
            },
            "contextAttributes": null,
            "modelVersion": {
               "major": 1,
               "minor": 0
            },
            "objectRefs": [
               "31o1RHhc6uRdN1eGygCG2Q",
               "450357e5mW9eidFwHW1Nou",
               "a7pUb21Pfy3c67w7CCaz4B",
               "2AJJfAJqQLkaZMytvRBVWR",
               "ioXrdNYzqYFhm23xQKiFKT",
               "fnx2xYvSTCul1tKBqmlGcC",
               "0XBGnDRR3WMgJR50uEhJiV",
               "hnshiYqkeIOehlyCb2Zdwg",
               "7TCmsWgjoghdSqfpcOxfs4"
            ],
            "repoInfo": {
               "repoHandle": "5Ihs9pNz6HKoJBU-gt-4288779-2019-06-19T14:17:32.914Z::gt.xml"
            }
         }
      },
      {
         "objectGuid": "31o1RHhc6uRdN1eGygCG2Q",
         "objectName": "AttachmentInformation",
         "objectType": "PROCESS_OBJECT",
         "path": "/Explore/Tools/ProcessObjects",
         "metadata": {
            "additionalInfo": {
               "contentType": "application/json; charset=utf-8",
               "description": "Attachment Object Information Holder",
               "documentState": "VALID"
            },
            "contextAttributes": null,
            "modelVersion": {
               "major": 1,
               "minor": 0
            },
            "objectRefs": [],
            "repoInfo": {
               "repoHandle": "BbeGoQwg74Rpf6J-gt-2267328-2019-08-28T21:27:46.436Z::po.xml"
            }
         }
      },
      {
         "objectGuid": "450357e5mW9eidFwHW1Nou",
         "objectName": "action-ref",
         "objectType": "PROCESS_OBJECT",
         "path": "/Explore/Alerting/ProcessObjects",
         "metadata": {
            "additionalInfo": {
               "contentType": "application/json; charset=utf-8",
               "description": "Altert Action reference",
               "documentState": "VALID"
            },
            "contextAttributes": null,
            "modelVersion": {
               "major": 1,
               "minor": 0
            },
            "objectRefs": [],
            "repoInfo": {
               "repoHandle": "f4eC3Q6gaabclvA-gt-4385977-2019-06-19T18:36:52.094Z::po.xml"
            }
         }
      },
      {
         "objectGuid": "a7pUb21Pfy3c67w7CCaz4B",
         "objectName": "FaultAlertConfiguration",
         "objectType": "PROCESS_OBJECT",
         "path": "/Explore/Alerting/ProcessObjects",
         "metadata": {
            "additionalInfo": {
               "contentType": "application/json; charset=utf-8",
               "description": "PO  to define Fault Alert Service Configuration and also Output of Alert Rules evaluation",
               "documentState": "VALID"
            },
            "contextAttributes": null,
            "modelVersion": {
               "major": 1,
               "minor": 0
            },
            "objectRefs": [
               "akj7LhWsrkRfrss9BWznMz",
               "2xbm1JXVqY0j6uW3iZAv66",
               "9iWs22M9UJ1lWpwzJdU62X"
            ],
            "repoInfo": {
               "repoHandle": "ciSrZMSPfXBiVGk-gt-4488393-2019-06-18T13:25:21.036Z::po.xml"
            }
         }
      },
      {
         "objectGuid": "ioXrdNYzqYFhm23xQKiFKT",
         "objectName": "SP-ConvertAttachmentToText",
         "objectType": "PROCESS",
         "path": "/Explore/Tools/Processes",
         "metadata": {
            "additionalInfo": {
               "contentType": "application/json; charset=utf-8",
               "description": "Process converts an Attachment field to text",
               "documentState": "VALID"
            },
            "contextAttributes": null,
            "modelVersion": {
               "major": 1,
               "minor": 0
            },
            "objectRefs": [
               "31o1RHhc6uRdN1eGygCG2Q"
            ],
            "repoInfo": {
               "repoHandle": "kL0jmu6lS01BchM-gt-2183732-2019-08-28T21:15:08.716Z::pd.xml"
            }
         }
      },
      {
         "objectGuid": "fnx2xYvSTCul1tKBqmlGcC",
         "objectName": "condition",
         "objectType": "PROCESS_OBJECT",
         "path": "/Explore/Alerting/ProcessObjects",
         "metadata": {
            "additionalInfo": {
               "contentType": "application/json; charset=utf-8",
               "description": "Match Condition can be one of the defined types and negated",
               "documentState": "VALID"
            },
            "contextAttributes": null,
            "modelVersion": {
               "major": 1,
               "minor": 0
            },
            "objectRefs": [],
            "repoInfo": {
               "repoHandle": "hGdwOLIFvukNXHV-gt-2117542-2019-06-18T14:35:44.123Z::po.xml"
            }
         }
      },
      {
         "objectGuid": "0XBGnDRR3WMgJR50uEhJiV",
         "objectName": "action-email",
         "objectType": "PROCESS_OBJECT",
         "path": "/Explore/Alerting/ProcessObjects",
         "metadata": {
            "additionalInfo": {
               "contentType": "application/json; charset=utf-8",
               "description": "PO to store Email Action details  Such as subject recipients",
               "documentState": "VALID"
            },
            "contextAttributes": null,
            "modelVersion": {
               "major": 1,
               "minor": 0
            },
            "objectRefs": [],
            "repoInfo": {
               "repoHandle": "2iXieHufWC64Ky2-gt-4509483-2019-06-18T14:08:18.866Z::po.xml"
            }
         }
      },
      {
         "objectGuid": "hnshiYqkeIOehlyCb2Zdwg",
         "objectName": "rule",
         "objectType": "PROCESS_OBJECT",
         "path": "/Explore/Alerting/ProcessObjects",
         "metadata": {
            "additionalInfo": {
               "contentType": "application/json; charset=utf-8",
               "description": "Rule with of Conditions to be evaluated using logical operator provided and perform specified action",
               "documentState": "VALID"
            },
            "contextAttributes": null,
            "modelVersion": {
               "major": 1,
               "minor": 0
            },
            "objectRefs": [
               "450357e5mW9eidFwHW1Nou",
               "fnx2xYvSTCul1tKBqmlGcC"
            ],
            "repoInfo": {
               "repoHandle": "xyIYmWR7hsAVR3a-gt-3920827-2019-06-18T14:49:43.379Z::po.xml"
            }
         }
      },
      {
         "objectGuid": "7TCmsWgjoghdSqfpcOxfs4",
         "objectName": "action",
         "objectType": "PROCESS_OBJECT",
         "path": "/Explore/Alerting/ProcessObjects",
         "metadata": {
            "additionalInfo": {
               "contentType": "application/json; charset=utf-8",
               "description": "Alert Action Decriptor",
               "documentState": "VALID"
            },
            "contextAttributes": null,
            "modelVersion": {
               "major": 1,
               "minor": 0
            },
            "objectRefs": [],
            "repoInfo": {
               "repoHandle": "ShFdw8jIw8jIw8j-gt-5059822-2019-06-19T18:50:06.071Z::po.xml"
            }
         }
      },
      {
         "objectGuid": "7x9Izng0kjJirIqylf08SF",
         "objectName": "ProcessObjects",
         "objectType": "Folder",
         "path": "/Explore/Alerting",
         "metadata": {
            "additionalInfo": {
               "contentType": "Binary",
               "description": "",
               "documentState": "COMPLETE"
            },
            "contextAttributes": [],
            "modelVersion": {
               "major": 0,
               "minor": 0
            },
            "objectRefs": [],
            "repoInfo": null
         }
      },
      {
         "objectGuid": "akj7LhWsrkRfrss9BWznMz",
         "objectName": "alert-config",
         "objectType": "PROCESS_OBJECT",
         "path": "/Explore/Alerting/ProcessObjects",
         "metadata": {
            "additionalInfo": {
               "contentType": "application/json; charset=utf-8",
               "description": "Alert Configuration Properties",
               "documentState": "VALID"
            },
            "contextAttributes": null,
            "modelVersion": {
               "major": 1,
               "minor": 0
            },
            "objectRefs": [],
            "repoInfo": {
               "repoHandle": "aa-gt-4513556-2019-06-18T15:01:20.001Z::po.xml"
            }
         }
      },
      {
         "objectGuid": "2xbm1JXVqY0j6uW3iZAv66",
         "objectName": "rules",
         "objectType": "PROCESS_OBJECT",
         "path": "/Explore/Alerting/ProcessObjects",
         "metadata": {
            "additionalInfo": {
               "contentType": "application/json; charset=utf-8",
               "description": "Condition Group for Alert level - Are evaluated in following order error, warning, error OR logical operator is used to  evaluate groups of conditions if any group returns true than the level is selected",
               "documentState": "VALID"
            },
            "contextAttributes": null,
            "modelVersion": {
               "major": 1,
               "minor": 0
            },
            "objectRefs": [
               "hnshiYqkeIOehlyCb2Zdwg"
            ],
            "repoInfo": {
               "repoHandle": "Wy0CR3aaa-gt-2121980-2019-06-18T14:54:19.783Z::po.xml"
            }
         }
      },
      {
         "objectGuid": "9iWs22M9UJ1lWpwzJdU62X",
         "objectName": "actions",
         "objectType": "PROCESS_OBJECT",
         "path": "/Explore/Alerting/ProcessObjects",
         "metadata": {
            "additionalInfo": {
               "contentType": "application/json; charset=utf-8",
               "description": "List of actions for a Alert Event",
               "documentState": "VALID"
            },
            "contextAttributes": null,
            "modelVersion": {
               "major": 1,
               "minor": 0
            },
            "objectRefs": [
               "7TCmsWgjoghdSqfpcOxfs4"
            ],
            "repoInfo": {
               "repoHandle": "hDnFShFdw8jIw8j-gt-4510760-2019-06-18T14:13:00.612Z::po.xml"
            }
         }
      },
      {
         "objectGuid": "9955jKtEbWai1KivE1xh0q",
         "objectName": "Processes",
         "objectType": "Folder",
         "path": "/Explore/Alerting",
         "metadata": {
            "additionalInfo": {
               "contentType": "Binary",
               "description": "",
               "documentState": "COMPLETE"
            },
            "contextAttributes": [],
            "modelVersion": {
               "major": 0,
               "minor": 0
            },
            "objectRefs": [],
            "repoInfo": null
         }
      },
      {
         "objectGuid": "7pPDPE0YReLiOlqyaYQzmX",
         "objectName": "UncaughtFaultAlertHandler-Cloud",
         "objectType": "PROCESS",
         "path": "/Explore/Alerting/Processes",
         "metadata": {
            "additionalInfo": {
               "contentType": "application/json; charset=utf-8",
               "description": "Process Engine Fault Alert handler allows to send notifcations based on declarative conditions Faults can be ignored",
               "documentState": "VALID"
            },
            "contextAttributes": null,
            "modelVersion": {
               "major": 1,
               "minor": 0
            },
            "objectRefs": [
               "450357e5mW9eidFwHW1Nou",
               "a7pUb21Pfy3c67w7CCaz4B",
               "cOur0Hdz9oshd8U7LIuIiD",
               "2AJJfAJqQLkaZMytvRBVWR",
               "0XBGnDRR3WMgJR50uEhJiV",
               "7TCmsWgjoghdSqfpcOxfs4"
            ],
            "repoInfo": {
               "repoHandle": "1ZSAP38nXxpr1Iw-gt-2226508-2019-08-28T20:06:28.41Z::pd.xml"
            }
         }
      },
      {
         "objectGuid": "9UWeUqnSHkalqQVZI82Ekf",
         "objectName": "UncaughtFaultAlertHandler-NA",
         "objectType": "PROCESS",
         "path": "/Explore/Alerting/Processes",
         "metadata": {
            "additionalInfo": {
               "contentType": "application/json; charset=utf-8",
               "description": "Process Engine Fault Alert handler allows to send notifcations based on declarative conditions Faults can be ignored",
               "documentState": "VALID"
            },
            "contextAttributes": null,
            "modelVersion": {
               "major": 1,
               "minor": 0
            },
            "objectRefs": [
               "450357e5mW9eidFwHW1Nou",
               "a7pUb21Pfy3c67w7CCaz4B",
               "cOur0Hdz9oshd8U7LIuIiD",
               "2AJJfAJqQLkaZMytvRBVWR",
               "0XBGnDRR3WMgJR50uEhJiV",
               "7TCmsWgjoghdSqfpcOxfs4"
            ],
            "repoInfo": {
               "repoHandle": "spiRASmvD4teIss-gt-2649660-2019-08-28T20:13:28.304Z::pd.xml"
            }
         }
      },
      {
         "objectGuid": "7NKXyyTcsX7erou31OWRgG",
         "objectName": "Tools",
         "objectType": "Project",
         "path": "/Explore",
         "metadata": {
            "additionalInfo": {
               "contentType": "Binary",
               "description": "",
               "documentState": "COMPLETE"
            },
            "contextAttributes": [],
            "modelVersion": {
               "major": 0,
               "minor": 0
            },
            "objectRefs": [],
            "repoInfo": null
         }
      },
      {
         "objectGuid": "lubpfOg5RcXk0AKAruyRUK",
         "objectName": "ProcessObjects",
         "objectType": "Folder",
         "path": "/Explore/Tools",
         "metadata": {
            "additionalInfo": {
               "contentType": "Binary",
               "description": "",
               "documentState": "COMPLETE"
            },
            "contextAttributes": [],
            "modelVersion": {
               "major": 0,
               "minor": 0
            },
            "objectRefs": [],
            "repoInfo": null
         }
      },
      {
         "objectGuid": "9oIqjQ3u02YlhewAMq2uIy",
         "objectName": "Processes",
         "objectType": "Folder",
         "path": "/Explore/Tools",
         "metadata": {
            "additionalInfo": {
               "contentType": "Binary",
               "description": "",
               "documentState": "COMPLETE"
            },
            "contextAttributes": [],
            "modelVersion": {
               "major": 0,
               "minor": 0
            },
            "objectRefs": [],
            "repoInfo": null
         }
      },
      {
         "objectGuid": "aRNvejXLjrFj83ry60X0Am",
         "objectName": "ServiceConnectors",
         "objectType": "Folder",
         "path": "/Explore/Tools",
         "metadata": {
            "additionalInfo": {
               "contentType": "Binary",
               "description": "",
               "documentState": "COMPLETE"
            },
            "contextAttributes": [],
            "modelVersion": {
               "major": 0,
               "minor": 0
            },
            "objectRefs": [],
            "repoInfo": null
         }
      }
   ]
}