<aetgt:getResponse xmlns:aetgt="http://schemas.active-endpoints.com/appmodules/repository/2010/10/avrepository.xsd"
                   xmlns:types1="http://schemas.active-endpoints.com/appmodules/repository/2010/10/avrepository.xsd">
   <types1:Item>
      <types1:EntryId>uUHukfRLdqcgm8l-gt-1951773-2020-03-24T18:08:17.327Z::pd.xml</types1:EntryId>
      <types1:Name>SP-ConvertAttachmentToText</types1:Name>
      <types1:ParentFlowIds>aabbeJOSM8NciZB-gt-6346531-2020-03-25T23:14:04.901Z::gt.xml</types1:ParentFlowIds>
      <types1:MimeType>application/xml+process</types1:MimeType>
      <types1:Description>Process converts an Attachment field to text</types1:Description>
      <types1:AppliesTo/>
      <types1:Tags/>
      <types1:VersionLabel>1.0</types1:VersionLabel>
      <types1:State>CURRENT</types1:State>
      <types1:ProcessGroup/>
      <types1:CreatedBy>jbrazda@unicosolution.com.dev</types1:CreatedBy>
      <types1:CreationDate>2020-03-24T18:08:17Z</types1:CreationDate>
      <types1:ModifiedBy>jbrazda@unicosolution.com.dev</types1:ModifiedBy>
      <types1:ModificationDate>2020-04-09T20:59:50Z</types1:ModificationDate>
      <types1:PublicationStatus>published</types1:PublicationStatus>
      <types1:PublishedBy>jbrazda@unicosolution.com.dev</types1:PublishedBy>
      <types1:PublicationDate>2020-04-09T21:01:59Z</types1:PublicationDate>
      <types1:PublishedContributionId>project:/spi.SP-ConvertAttachmentToText/SP-ConvertAttachmentToText.pd.xml</types1:PublishedContributionId>
      <types1:AutosaveExists>false</types1:AutosaveExists>
      <types1:Entry>
         <process xmlns="http://schemas.active-endpoints.com/appmodules/screenflow/2010/10/avosScreenflow.xsd"
                  xmlns:list="urn:activevos:spi:list:functions"
                  displayName="SP-ConvertAttachmentToText"
                  name="SP-ConvertAttachmentToText">
            <appliesTo/>
            <description>Process converts an Attachment field to text</description>
            <tags/>
            <generator>Informatica Process Designer 11</generator>
            <input>
               <parameter description="Attachment to be converted, attachment must be a text file such .txt, .csv, .xml, .json"
                          name="in_attachment"
                          type="attachment">
                  <options>
                     <option hide="true" name="count">1</option>
                     <option name="maxsize">5242880</option>
                     <option name="required">false</option>
                  </options>
               </parameter>
            </input>
            <output>
               <field description="Attchment converted to string"
                      name="out_attachment_content"
                      type="textarea">
                  <options>
                     <option name="text_width">100</option>
                     <option name="text_height">5</option>
                     <option name="required">false</option>
                  </options>
               </field>
               <field description="Attachment file information"
                      name="out_attachment_info"
                      type="reference">
                  <options>
                     <option name="referenceTo">$po:AttachmentInformation</option>
                     <option name="required">false</option>
                     <option name="isCopy">true</option>
                     <option name="guid">3SdosLSHKE9jTes0Sbsqo0</option>
                  </options>
               </field>
            </output>
            <notes/>
            <deployment suspendOnFault="false" tracingLevel="verbose">
               <rest/>
            </deployment>
            <flow id="a">
               <start id="b">
                  <link id="jzvr9wl4" targetId="jzvr9wl3"/>
               </start>
               <assignment id="jzvr9wl3">
                  <title>Assignment to out_attachment_content, out_attachment_info</title>
                  <operation source="formula" to="output.out_attachment_content">
                     <expression language="XQuery">util:base64Decode( sff:getBase64FromAttachment($input.in_attachment ))</expression>
                  </operation>
                  <operation source="formula" to="output.out_attachment_info">
                     <expression language="XQuery">&lt;AttchmentInformation&gt;
   &lt;FileName&gt;{sff:getAttachmentName($input.in_attachment )}&lt;/FileName&gt;
   &lt;Size&gt;{sff:getAttachmentSize($input.in_attachment )}&lt;/Size&gt;
   &lt;ContentType&gt;{sff:getAttachmentContentType($input.in_attachment )}&lt;/ContentType&gt;
&lt;/AttchmentInformation&gt;
</expression>
                  </operation>
                  <link id="jzvr9wl5" targetId="c"/>
               </assignment>
               <end id="c"/>
            </flow>
         </process>
      </types1:Entry>
      <types1:GUID>3F9xdqPMhsgjQx07TZa5sr</types1:GUID>
      <types1:DisplayName>SP-ConvertAttachmentToText</types1:DisplayName>
   </types1:Item>
   <types1:CurrentServerDateTime>2021-06-04T15:22:03.224Z</types1:CurrentServerDateTime>
</aetgt:getResponse>
