<aetgt:getResponse xmlns:aetgt="http://schemas.active-endpoints.com/appmodules/repository/2010/10/avrepository.xsd"
                   xmlns:types1="http://schemas.active-endpoints.com/appmodules/repository/2010/10/avrepository.xsd">
   <types1:Item>
      <types1:EntryId>hDnFShFdw8jIw8j-gt-4510760-2019-06-18T14:13:00.612Z::po.xml</types1:EntryId>
      <types1:Name>actions</types1:Name>
      <types1:MimeType>application/xml+processobject</types1:MimeType>
      <types1:Description>List of actions for a Alert Event</types1:Description>
      <types1:AppliesTo/>
      <types1:Tags/>
      <types1:VersionLabel>1.0</types1:VersionLabel>
      <types1:State>CURRENT</types1:State>
      <types1:ProcessGroup/>
      <types1:CreatedBy>jbrazda-iics@informatica.com</types1:CreatedBy>
      <types1:CreationDate>2019-06-18T14:13:01Z</types1:CreationDate>
      <types1:ModifiedBy>jbrazda-iics@informatica.com</types1:ModifiedBy>
      <types1:ModificationDate>2019-09-05T21:13:58Z</types1:ModificationDate>
      <types1:PublicationStatus>unpublished</types1:PublicationStatus>
      <types1:AutosaveExists>false</types1:AutosaveExists>
      <types1:Entry>
         <processObject xmlns="http://schemas.active-endpoints.com/appmodules/screenflow/2011/06/avosHostEnvironment.xsd"
                        displayName="actions"
                        isByCopy="true"
                        name="actions">
            <description>List of actions for a Alert Event</description>
            <tags/>
            <detail>
               <field label="action" name="action" type="objectlist">
                  <options>
                     <option name="referenceTo">$po:action</option>
                     <option name="guid">7TCmsWgjoghdSqfpcOxfs4</option>
                     <option name="relationshipName">Child</option>
                  </options>
               </field>
            </detail>
         </processObject>
      </types1:Entry>
      <types1:GUID>9iWs22M9UJ1lWpwzJdU62X</types1:GUID>
      <types1:DisplayName>actions</types1:DisplayName>
   </types1:Item>
   <types1:CurrentServerDateTime>2019-09-06T15:10:31.766Z</types1:CurrentServerDateTime>
</aetgt:getResponse>
