<aetgt:getResponse xmlns:aetgt="http://schemas.active-endpoints.com/appmodules/repository/2010/10/avrepository.xsd"
                   xmlns:types1="http://schemas.active-endpoints.com/appmodules/repository/2010/10/avrepository.xsd">
   <types1:Item>
      <types1:EntryId>Ejk3zx6i4tciSrZ-gt-6346365-2020-03-25T23:14:00.849Z::po.xml</types1:EntryId>
      <types1:Name>action-email</types1:Name>
      <types1:MimeType>application/xml+processobject</types1:MimeType>
      <types1:Description>PO to store Email Action details  Such as subject recipients</types1:Description>
      <types1:AppliesTo/>
      <types1:Tags/>
      <types1:VersionLabel>1.0</types1:VersionLabel>
      <types1:State>CURRENT</types1:State>
      <types1:ProcessGroup/>
      <types1:CreatedBy>jbrazda@unicosolution.com.dev</types1:CreatedBy>
      <types1:CreationDate>2020-03-25T23:14:01Z</types1:CreationDate>
      <types1:ModifiedBy/>
      <types1:PublicationStatus>unpublished</types1:PublicationStatus>
      <types1:AutosaveExists>false</types1:AutosaveExists>
      <types1:Entry>
         <processObject xmlns="http://schemas.active-endpoints.com/appmodules/screenflow/2011/06/avosHostEnvironment.xsd"
                        displayName="action-email"
                        isByCopy="true"
                        name="action-email">
            <description>PO to store Email Action details  Such as subject recipients</description>
            <tags/>
            <detail>
               <field label="subject" name="subject" type="string"/>
               <field label="to" name="to" type="string"/>
               <field label="cc" name="cc" type="string"/>
               <field label="bcc" name="bcc" type="string"/>
               <field label="contentType" name="contentType" type="string"/>
               <field label="actionName" name="actionName" type="string"/>
            </detail>
         </processObject>
      </types1:Entry>
      <types1:GUID>ajAViSjVGBacGGuYjum320</types1:GUID>
      <types1:DisplayName>action-email</types1:DisplayName>
   </types1:Item>
   <types1:CurrentServerDateTime>2021-06-04T15:22:02.425Z</types1:CurrentServerDateTime>
</aetgt:getResponse>
