<aetgt:getResponse xmlns:aetgt="http://schemas.active-endpoints.com/appmodules/repository/2010/10/avrepository.xsd"
                   xmlns:types1="http://schemas.active-endpoints.com/appmodules/repository/2010/10/avrepository.xsd">
   <types1:Item>
      <types1:EntryId>f4eC3Q6gaabclvA-gt-4385977-2019-06-19T18:36:52.094Z::po.xml</types1:EntryId>
      <types1:Name>action-ref</types1:Name>
      <types1:ParentFlowIds>1ZSAP38nXxpr1Iw-gt-2226508-2019-08-28T20:06:28.41Z::pd.xml,spiRASmvD4teIss-gt-2649660-2019-08-28T20:13:28.304Z::pd.xml</types1:ParentFlowIds>
      <types1:MimeType>application/xml+processobject</types1:MimeType>
      <types1:Description>Altert Action reference</types1:Description>
      <types1:AppliesTo/>
      <types1:Tags/>
      <types1:VersionLabel>1.0</types1:VersionLabel>
      <types1:State>CURRENT</types1:State>
      <types1:ProcessGroup/>
      <types1:CreatedBy>jbrazda-iics@informatica.com</types1:CreatedBy>
      <types1:CreationDate>2019-06-19T18:36:52Z</types1:CreationDate>
      <types1:ModifiedBy>jbrazda-iics@informatica.com</types1:ModifiedBy>
      <types1:ModificationDate>2019-09-06T19:12:34Z</types1:ModificationDate>
      <types1:PublicationStatus>unpublished</types1:PublicationStatus>
      <types1:AutosaveExists>false</types1:AutosaveExists>
      <types1:Entry>
         <processObject xmlns="http://schemas.active-endpoints.com/appmodules/screenflow/2011/06/avosHostEnvironment.xsd"
                        displayName="action-ref"
                        isByCopy="true"
                        name="action-ref">
            <description>Altert Action reference</description>
            <tags/>
            <detail>
               <field label="Name" name="Name" type="string"/>
               <field label="Type" name="Type" type="string"/>
               <field label="guid" name="guid" type="string"/>
            </detail>
         </processObject>
      </types1:Entry>
      <types1:GUID>450357e5mW9eidFwHW1Nou</types1:GUID>
      <types1:DisplayName>action-ref</types1:DisplayName>
   </types1:Item>
   <types1:CurrentServerDateTime>2019-10-14T16:29:47.007Z</types1:CurrentServerDateTime>
</aetgt:getResponse>
