<aetgt:getResponse xmlns:aetgt="http://schemas.active-endpoints.com/appmodules/repository/2010/10/avrepository.xsd"
                   xmlns:types1="http://schemas.active-endpoints.com/appmodules/repository/2010/10/avrepository.xsd">
   <types1:Item>
      <types1:EntryId>JOnCBtBghuImXyc-gt-7365236-2020-03-25T23:14:02.657Z::po.xml</types1:EntryId>
      <types1:Name>rule</types1:Name>
      <types1:MimeType>application/xml+processobject</types1:MimeType>
      <types1:Description>Rule with of Conditions to be evaluated using logical operator provided and perform specified action</types1:Description>
      <types1:AppliesTo/>
      <types1:Tags/>
      <types1:VersionLabel>1.0</types1:VersionLabel>
      <types1:State>CURRENT</types1:State>
      <types1:ProcessGroup/>
      <types1:CreatedBy>jbrazda@unicosolution.com.dev</types1:CreatedBy>
      <types1:CreationDate>2020-03-25T23:14:03Z</types1:CreationDate>
      <types1:ModifiedBy/>
      <types1:PublicationStatus>unpublished</types1:PublicationStatus>
      <types1:AutosaveExists>false</types1:AutosaveExists>
      <types1:Entry>
         <processObject xmlns="http://schemas.active-endpoints.com/appmodules/screenflow/2011/06/avosHostEnvironment.xsd"
                        displayName="rule"
                        isByCopy="true"
                        name="rule">
            <description>Rule with of Conditions to be evaluated using logical operator provided and perform specified action</description>
            <tags/>
            <detail>
               <field label="operator" name="operator" type="picklist">
                  <options>
                     <option name="values">[{"value":"AND","label":"AND"},{"value":"OR","label":"OR"}]</option>
                  </options>
               </field>
               <field label="condition" name="condition" type="objectlist">
                  <options>
                     <option name="referenceTo">$po:condition</option>
                     <option name="guid">7dlPL5Q2HIDitkNjx7jBQU</option>
                     <option name="relationshipName">Child</option>
                  </options>
               </field>
               <field label="result" name="result" type="boolean"/>
               <field label="action" name="action" type="objectlist">
                  <options>
                     <option name="referenceTo">$po:action-ref</option>
                     <option name="guid">lKJsk3UE6KjdXexESZSycK</option>
                     <option name="relationshipName">Child</option>
                  </options>
               </field>
               <field label="results" name="results" type="string"/>
               <field label="name" name="name" type="string"/>
               <field label="guid" name="guid" type="string"/>
            </detail>
         </processObject>
      </types1:Entry>
      <types1:GUID>6awi7KEgKmnfNUjHHuVJic</types1:GUID>
      <types1:DisplayName>rule</types1:DisplayName>
   </types1:Item>
   <types1:CurrentServerDateTime>2021-06-04T15:22:03.202Z</types1:CurrentServerDateTime>
</aetgt:getResponse>
