<aetgt:getResponse xmlns:aetgt="http://schemas.active-endpoints.com/appmodules/repository/2010/10/avrepository.xsd"
                   xmlns:types1="http://schemas.active-endpoints.com/appmodules/repository/2010/10/avrepository.xsd">
   <types1:Item>
      <types1:EntryId>9t4ydx2CGeFRqXp-gt-7365253-2020-03-25T23:14:03.398Z::po.xml</types1:EntryId>
      <types1:Name>rules</types1:Name>
      <types1:MimeType>application/xml+processobject</types1:MimeType>
      <types1:Description>Condition Group for Alert level - Are evaluated in following order error, warning, error OR logical operator is used to  evaluate groups of conditions if any group returns true than the level is selected</types1:Description>
      <types1:AppliesTo/>
      <types1:Tags/>
      <types1:VersionLabel>1.0</types1:VersionLabel>
      <types1:State>CURRENT</types1:State>
      <types1:ProcessGroup/>
      <types1:CreatedBy>jbrazda@unicosolution.com.dev</types1:CreatedBy>
      <types1:CreationDate>2020-03-25T23:14:03Z</types1:CreationDate>
      <types1:ModifiedBy/>
      <types1:PublicationStatus>unpublished</types1:PublicationStatus>
      <types1:AutosaveExists>false</types1:AutosaveExists>
      <types1:Entry>
         <processObject xmlns="http://schemas.active-endpoints.com/appmodules/screenflow/2011/06/avosHostEnvironment.xsd"
                        displayName="rules"
                        isByCopy="true"
                        name="rules">
            <description>Condition Group for Alert level - Are evaluated in following order error, warning, error OR logical operator is used to  evaluate groups of conditions if any group returns true than the level is selected</description>
            <tags/>
            <detail>
               <field label="rule" name="rule" type="objectlist">
                  <options>
                     <option name="referenceTo">$po:rule</option>
                     <option name="guid">6awi7KEgKmnfNUjHHuVJic</option>
                     <option name="relationshipName">Child</option>
                  </options>
               </field>
            </detail>
         </processObject>
      </types1:Entry>
      <types1:GUID>g3sDpxvzb41dIEbIRpTycZ</types1:GUID>
      <types1:DisplayName>rules</types1:DisplayName>
   </types1:Item>
   <types1:CurrentServerDateTime>2021-06-04T15:22:03.464Z</types1:CurrentServerDateTime>
</aetgt:getResponse>
