<aetgt:getResponse xmlns:aetgt="http://schemas.active-endpoints.com/appmodules/repository/2010/10/avrepository.xsd"
                   xmlns:types1="http://schemas.active-endpoints.com/appmodules/repository/2010/10/avrepository.xsd">
   <types1:Item>
      <types1:EntryId>Wy0CR3aaa-gt-2121980-2019-06-18T14:54:19.783Z::po.xml</types1:EntryId>
      <types1:Name>rules</types1:Name>
      <types1:MimeType>application/xml+processobject</types1:MimeType>
      <types1:Description>Condition Group for Alert level - Are evaluated in following order error, warning, error OR logical operator is used to  evaluate groups of conditions if any group returns true than the level is selected</types1:Description>
      <types1:AppliesTo/>
      <types1:Tags/>
      <types1:VersionLabel>1.0</types1:VersionLabel>
      <types1:State>CURRENT</types1:State>
      <types1:ProcessGroup/>
      <types1:CreatedBy>jbrazda-iics@informatica.com</types1:CreatedBy>
      <types1:CreationDate>2019-06-18T14:54:20Z</types1:CreationDate>
      <types1:ModifiedBy>jbrazda-iics@informatica.com</types1:ModifiedBy>
      <types1:ModificationDate>2019-09-06T19:12:36Z</types1:ModificationDate>
      <types1:PublicationStatus>unpublished</types1:PublicationStatus>
      <types1:AutosaveExists>false</types1:AutosaveExists>
      <types1:Entry>
         <processObject xmlns="http://schemas.active-endpoints.com/appmodules/screenflow/2011/06/avosHostEnvironment.xsd"
                        displayName="rules"
                        isByCopy="true"
                        name="rules">
            <description>Condition Group for Alert level - Are evaluated in following order error, warning, error OR logical operator is used to  evaluate groups of conditions if any group returns true than the level is selected</description>
            <tags/>
            <detail>
               <field label="rule" name="rule" type="objectlist">
                  <options>
                     <option name="referenceTo">$po:rule</option>
                     <option name="guid">hnshiYqkeIOehlyCb2Zdwg</option>
                     <option name="relationshipName">Child</option>
                  </options>
               </field>
            </detail>
         </processObject>
      </types1:Entry>
      <types1:GUID>2xbm1JXVqY0j6uW3iZAv66</types1:GUID>
      <types1:DisplayName>rules</types1:DisplayName>
   </types1:Item>
   <types1:CurrentServerDateTime>2019-10-14T16:29:47.296Z</types1:CurrentServerDateTime>
</aetgt:getResponse>
