<aetgt:getResponse xmlns:aetgt="http://schemas.active-endpoints.com/appmodules/repository/2010/10/avrepository.xsd"
                   xmlns:types1="http://schemas.active-endpoints.com/appmodules/repository/2010/10/avrepository.xsd">
   <types1:Item>
      <types1:EntryId>uwSSp7aa-gt-6298602-2019-06-21T17:27:21.337Z::conn.xml</types1:EntryId>
      <types1:Name>Email-Alerts</types1:Name>
      <types1:ParentFlowIds>1ZSAP38nXxpr1Iw-gt-2226508-2019-08-28T20:06:28.41Z::pd.xml,spiRASmvD4teIss-gt-2649660-2019-08-28T20:13:28.304Z::pd.xml</types1:ParentFlowIds>
      <types1:MimeType>application/xml+connection</types1:MimeType>
      <types1:Description>Shared Email Service to send  alerts and notifications</types1:Description>
      <types1:AppliesTo/>
      <types1:Tags/>
      <types1:VersionLabel>1.0</types1:VersionLabel>
      <types1:State>CURRENT</types1:State>
      <types1:ProcessGroup/>
      <types1:CreatedBy>jbrazda-iics@informatica.com</types1:CreatedBy>
      <types1:CreationDate>2019-06-21T17:27:21Z</types1:CreationDate>
      <types1:ModifiedBy>jbrazda-iics@informatica.com</types1:ModifiedBy>
      <types1:ModificationDate>2019-09-05T21:15:36Z</types1:ModificationDate>
      <types1:PublicationStatus>published</types1:PublicationStatus>
      <types1:PublishedBy>jbrazda-iics@informatica.com</types1:PublishedBy>
      <types1:PublicationDate>2019-10-08T16:15:19Z</types1:PublicationDate>
      <types1:PublishedContributionId>project:/rt.connection/Email-Alerts/Email-Alerts.conn.xml</types1:PublishedContributionId>
      <types1:AutosaveExists>false</types1:AutosaveExists>
      <types1:Entry>
         <connection xmlns="http://schemas.informatica.com/socrates/data-services/2014/04/avosConnections.xsd"
                     displayName="Email-Alerts"
                     label="Email-Alerts"
                     name="Email-Alerts">
            <description>Shared Email Service to send  alerts and notifications</description>
            <tags/>
            <agent/>
            <attributes>
               <attribute encrypted="false" name="Authentication" value="Enable"/>
               <attribute encrypted="false" name="hostName" value="smtp.office365.com"/>
               <attribute encrypted="false" name="port" value="587"/>
               <attribute encrypted="false" name="username" value="jbrazda@informatica.com"/>
               <attribute encrypted="true" name="password" value=""/>
               <attribute encrypted="false" name="security" value="TLS"/>
               <attribute encrypted="false" name="connectionTimeout" value="30000"/>
               <attribute encrypted="false"
                          name="testToAddress"
                          value="jbrazda@informatica.com"/>
               <attribute encrypted="false"
                          name="fromAddress"
                          value="jbrazda@informatica.com"/>
            </attributes>
            <javaConnector xmlns="http://schemas.informatica.com/appmodules/screenflow/2014/04/avosConnectors.xsd"
                           agentOnly="false"
                           plugin="Camel"
                           supportsConnectionTest="true"
                           supportsDataPreview="false"
                           supportsOData="false"
                           type="Email"
                           uuid="9a8a03d0-0437-46c4-bedf-70acb4173c1f">
               <description>Provides connections to email host servers.</description>
            </javaConnector>
         </connection>
      </types1:Entry>
      <types1:GUID>cOur0Hdz9oshd8U7LIuIiD</types1:GUID>
      <types1:DisplayName>Email-Alerts</types1:DisplayName>
   </types1:Item>
   <types1:CurrentServerDateTime>2019-10-14T16:29:46.872Z</types1:CurrentServerDateTime>
</aetgt:getResponse>
