<aetgt:getResponse xmlns:aetgt="http://schemas.active-endpoints.com/appmodules/repository/2010/10/avrepository.xsd"
                   xmlns:types1="http://schemas.active-endpoints.com/appmodules/repository/2010/10/avrepository.xsd">
   <types1:Item>
      <types1:EntryId>6UuINciZBpDUQbg-gt-2341642-2020-03-25T23:14:00.893Z::conn.xml</types1:EntryId>
      <types1:Name>Email-Alerts</types1:Name>
      <types1:ParentFlowIds>cgp5OjG4abck0Kn-gt-5013926-2020-04-23T17:34:19.03Z::pd.xml,GlBghNf4TsrT2ht-gt-6346513-2020-03-25T23:14:04.52Z::pd.xml</types1:ParentFlowIds>
      <types1:MimeType>application/xml+connection</types1:MimeType>
      <types1:Description>Shared Email Service to send  alerts and notifications</types1:Description>
      <types1:AppliesTo/>
      <types1:Tags/>
      <types1:VersionLabel>1.0</types1:VersionLabel>
      <types1:State>CURRENT</types1:State>
      <types1:ProcessGroup/>
      <types1:CreatedBy>jbrazda@unicosolution.com.dev</types1:CreatedBy>
      <types1:CreationDate>2020-03-25T23:14:01Z</types1:CreationDate>
      <types1:ModifiedBy>jbrazda@unicosolution.com.dev</types1:ModifiedBy>
      <types1:ModificationDate>2021-05-25T13:52:58Z</types1:ModificationDate>
      <types1:PublicationStatus>published</types1:PublicationStatus>
      <types1:PublishedBy>jbrazda@unicosolution.com.dev</types1:PublishedBy>
      <types1:PublicationDate>2021-05-25T13:53:12Z</types1:PublicationDate>
      <types1:PublishedContributionId>project:/rt.connection/Email-Alerts/Email-Alerts.conn.xml</types1:PublishedContributionId>
      <types1:AutosaveExists>false</types1:AutosaveExists>
      <types1:Entry>
         <connection xmlns="http://schemas.informatica.com/socrates/data-services/2014/04/avosConnections.xsd"
                     displayName="Email-Alerts"
                     label="Email-Alerts"
                     name="Email-Alerts">
            <description>Shared Email Service to send  alerts and notifications</description>
            <tags/>
            <agent/>
            <attributes>
               <attribute encrypted="false" name="Authentication" value="Enable"/>
               <attribute encrypted="false" name="hostName" value="smtp.office365.com"/>
               <attribute encrypted="false" name="port" value="587"/>
               <attribute encrypted="false"
                          name="username"
                          value="nrr-iics-alerts_svc@huronconsultinggroup.com"/>
               <attribute encrypted="true" name="password" value=""/>
               <attribute encrypted="false" name="security" value="TLS"/>
               <attribute encrypted="false" name="connectionTimeout" value="30000"/>
               <attribute encrypted="false" name="testToAddress" value="jbrazda@hcg.com"/>
               <attribute encrypted="false"
                          name="fromAddress"
                          value="noreply-iics-alerts@hcg.com"/>
            </attributes>
            <javaConnector xmlns="http://schemas.informatica.com/appmodules/screenflow/2014/04/avosConnectors.xsd"
                           agentOnly="false"
                           plugin="Camel"
                           supportsConnectionTest="true"
                           supportsDataPreview="false"
                           supportsOData="false"
                           type="Email"
                           uuid="9a8a03d0-0437-46c4-bedf-70acb4173c1f">
               <description>Provides connections to email host servers.</description>
            </javaConnector>
         </connection>
      </types1:Entry>
      <types1:GUID>6kW78Fn72hzjZXV0oFE5am</types1:GUID>
      <types1:DisplayName>Email-Alerts</types1:DisplayName>
   </types1:Item>
   <types1:CurrentServerDateTime>2021-06-04T15:22:03.029Z</types1:CurrentServerDateTime>
</aetgt:getResponse>
