<aetgt:getResponse xmlns:aetgt="http://schemas.active-endpoints.com/appmodules/repository/2010/10/avrepository.xsd"
                   xmlns:types1="http://schemas.active-endpoints.com/appmodules/repository/2010/10/avrepository.xsd">
   <types1:Item>
      <types1:EntryId>i29QqdsQR6kbeJH-gt-52057384-2021-06-03T15:06:01.136Z::conn.xml</types1:EntryId>
      <types1:Name>Email-Alerts-G01</types1:Name>
      <types1:ParentFlowIds>dq9bdsreK8ZAZf5-gt-6346495-2020-03-25T23:14:04.405Z::pd.xml</types1:ParentFlowIds>
      <types1:MimeType>application/xml+connection</types1:MimeType>
      <types1:Description>Shared Email Service to send  alerts and notifications for private SMTP accessible from Secure Agents</types1:Description>
      <types1:AppliesTo/>
      <types1:Tags>.agent:G01</types1:Tags>
      <types1:VersionLabel>1.0</types1:VersionLabel>
      <types1:State>CURRENT</types1:State>
      <types1:ProcessGroup/>
      <types1:CreatedBy>jbrazda@unicosolution.com.dev</types1:CreatedBy>
      <types1:CreationDate>2021-06-03T15:06:01Z</types1:CreationDate>
      <types1:ModifiedBy>jbrazda@unicosolution.com.dev</types1:ModifiedBy>
      <types1:ModificationDate>2021-06-03T15:09:58Z</types1:ModificationDate>
      <types1:PublicationStatus>published</types1:PublicationStatus>
      <types1:PublishedBy>jbrazda@unicosolution.com.dev</types1:PublishedBy>
      <types1:PublicationDate>2021-06-03T15:12:16Z</types1:PublicationDate>
      <types1:PublishedContributionId>project:/rt.connection/Email-Alerts-G01/Email-Alerts-G01.conn.xml</types1:PublishedContributionId>
      <types1:AutosaveExists>false</types1:AutosaveExists>
      <types1:Entry>
         <connection xmlns="http://schemas.informatica.com/socrates/data-services/2014/04/avosConnections.xsd"
                     displayName="Email-Alerts-G01"
                     label="Email-Alerts-G01"
                     name="Email-Alerts-G01">
            <description>Shared Email Service to send  alerts and notifications for private SMTP accessible from Secure Agents</description>
            <tags>.agent:G01</tags>
            <agent>G01</agent>
            <attributes>
               <attribute encrypted="false" name="Authentication" value="Disable"/>
               <attribute encrypted="false"
                          name="hostName"
                          value="mail.huronconsultinggroup.com"/>
               <attribute encrypted="false" name="port" value="25"/>
               <attribute encrypted="false" name="username" value=""/>
               <attribute encrypted="true" name="password" value=""/>
               <attribute encrypted="false" name="security" value="None"/>
               <attribute encrypted="false" name="connectionTimeout" value="30000"/>
               <attribute encrypted="false" name="testToAddress" value="jbrazda@hcg.com"/>
               <attribute encrypted="false"
                          name="fromAddress"
                          value="noreply-iics-alerts@hcg.com"/>
            </attributes>
            <javaConnector xmlns="http://schemas.informatica.com/appmodules/screenflow/2014/04/avosConnectors.xsd"
                           agentOnly="false"
                           plugin="Camel"
                           supportsConnectionTest="true"
                           supportsDataPreview="false"
                           supportsOData="false"
                           type="Email"
                           uuid="9a8a03d0-0437-46c4-bedf-70acb4173c1f">
               <description>Provides connections to email host servers.</description>
            </javaConnector>
         </connection>
      </types1:Entry>
      <types1:GUID>2Jw9v5SBMaglAclC0OqcSd</types1:GUID>
      <types1:DisplayName>Email-Alerts-G01</types1:DisplayName>
   </types1:Item>
   <types1:CurrentServerDateTime>2021-06-04T15:22:03.042Z</types1:CurrentServerDateTime>
</aetgt:getResponse>
