<aetgt:getResponse xmlns:aetgt="http://schemas.active-endpoints.com/appmodules/repository/2010/10/avrepository.xsd"
                   xmlns:types1="http://schemas.active-endpoints.com/appmodules/repository/2010/10/avrepository.xsd">
   <types1:Item>
      <types1:EntryId>XShOeCFk4AdypKw-gt-6237215-2019-06-21T13:55:49.804Z::conn.xml</types1:EntryId>
      <types1:Name>github-gist-alert-configuration</types1:Name>
      <types1:ParentFlowIds>5Ihs9pNz6HKoJBU-gt-4288779-2019-06-19T14:17:32.914Z::gt.xml</types1:ParentFlowIds>
      <types1:MimeType>application/xml+connection</types1:MimeType>
      <types1:Description>Github Gist API connection to manage Alert Service Configurations</types1:Description>
      <types1:AppliesTo/>
      <types1:Tags/>
      <types1:VersionLabel>1.0</types1:VersionLabel>
      <types1:State>CURRENT</types1:State>
      <types1:ProcessGroup/>
      <types1:CreatedBy>jbrazda-iics@informatica.com</types1:CreatedBy>
      <types1:CreationDate>2019-06-21T13:55:50Z</types1:CreationDate>
      <types1:ModifiedBy>jbrazda-iics@informatica.com</types1:ModifiedBy>
      <types1:ModificationDate>2019-09-05T21:16:41Z</types1:ModificationDate>
      <types1:PublicationStatus>published</types1:PublicationStatus>
      <types1:PublishedBy>jbrazda-iics@informatica.com</types1:PublishedBy>
      <types1:PublicationDate>2019-09-06T13:52:31Z</types1:PublicationDate>
      <types1:PublishedContributionId>project:/rt.connection/github-gist-alert-configuration/github-gist-alert-configuration.conn.xml</types1:PublishedContributionId>
      <types1:AutosaveExists>false</types1:AutosaveExists>
      <types1:Entry>
         <connection xmlns="http://schemas.informatica.com/socrates/data-services/2014/04/avosConnections.xsd"
                     displayName="github-gist-alert-configuration"
                     label="github-gist-alert-configuration"
                     name="github-gist-alert-configuration">
            <description>Github Gist API connection to manage Alert Service Configurations</description>
            <tags/>
            <agent/>
            <attributes>
               <attribute encrypted="false" name="base_uri" value="https://api.github.com"/>
               <attribute encrypted="true" name="access_token" value=""/>
               <attribute encrypted="false" name="api_version" value="v3"/>
            </attributes>
            <businessConnector xmlns="http://schemas.informatica.com/appmodules/screenflow/2014/04/avosConnectors.xsd"
                               agentOnly="false"
                               connectorPath="project:/rt.connector/github_gist/github_gist_svcDef.xml"
                               guid="aXpKwYgvdgcbMOhXzbXTqd"
                               name="github-gist"
                               supportsConnectionTest="false"
                               uuid="3eca5d7c-ee39-4e22-9c8e-5380c7f358f0">
               <description>Github REST V3 APi to manage Gists
see https://developer.github.com/v3/gists/

This connector is useful to store and retrive configurations, templates, snippets, etc</description>
            </businessConnector>
         </connection>
      </types1:Entry>
      <types1:GUID>2AJJfAJqQLkaZMytvRBVWR</types1:GUID>
      <types1:DisplayName>github-gist-alert-configuration</types1:DisplayName>
   </types1:Item>
   <types1:CurrentServerDateTime>2019-09-06T15:10:31.792Z</types1:CurrentServerDateTime>
</aetgt:getResponse>
