<aetgt:getResponse xmlns:aetgt="http://schemas.active-endpoints.com/appmodules/repository/2010/10/avrepository.xsd"
                   xmlns:types1="http://schemas.active-endpoints.com/appmodules/repository/2010/10/avrepository.xsd">
   <types1:Item>
      <types1:EntryId>jsGuDoWn2sqeErh-gt-2341632-2020-03-25T23:14:00.815Z::po.xml</types1:EntryId>
      <types1:Name>action-ref</types1:Name>
      <types1:ParentFlowIds>dq9bdsreK8ZAZf5-gt-6346495-2020-03-25T23:14:04.405Z::pd.xml,GlBghNf4TsrT2ht-gt-6346513-2020-03-25T23:14:04.52Z::pd.xml</types1:ParentFlowIds>
      <types1:MimeType>application/xml+processobject</types1:MimeType>
      <types1:Description>Altert Action reference</types1:Description>
      <types1:AppliesTo/>
      <types1:Tags/>
      <types1:VersionLabel>1.0</types1:VersionLabel>
      <types1:State>CURRENT</types1:State>
      <types1:ProcessGroup/>
      <types1:CreatedBy>jbrazda@unicosolution.com.dev</types1:CreatedBy>
      <types1:CreationDate>2020-03-25T23:14:01Z</types1:CreationDate>
      <types1:ModifiedBy/>
      <types1:PublicationStatus>unpublished</types1:PublicationStatus>
      <types1:AutosaveExists>false</types1:AutosaveExists>
      <types1:Entry>
         <processObject xmlns="http://schemas.active-endpoints.com/appmodules/screenflow/2011/06/avosHostEnvironment.xsd"
                        displayName="action-ref"
                        isByCopy="true"
                        name="action-ref">
            <description>Altert Action reference</description>
            <tags/>
            <detail>
               <field label="Name" name="Name" type="string"/>
               <field label="Type" name="Type" type="string"/>
               <field label="guid" name="guid" type="string"/>
            </detail>
         </processObject>
      </types1:Entry>
      <types1:GUID>lKJsk3UE6KjdXexESZSycK</types1:GUID>
      <types1:DisplayName>action-ref</types1:DisplayName>
   </types1:Item>
   <types1:CurrentServerDateTime>2021-06-04T15:22:02.415Z</types1:CurrentServerDateTime>
</aetgt:getResponse>
