<aetgt:getResponse xmlns:aetgt="http://schemas.active-endpoints.com/appmodules/repository/2010/10/avrepository.xsd"
                   xmlns:types1="http://schemas.active-endpoints.com/appmodules/repository/2010/10/avrepository.xsd">
   <types1:Item>
      <types1:EntryId>IGSM8NciZBpDUQb-gt-7365206-2020-03-25T23:14:02.556Z::po.xml</types1:EntryId>
      <types1:Name>actions</types1:Name>
      <types1:MimeType>application/xml+processobject</types1:MimeType>
      <types1:Description>List of actions for a Alert Event</types1:Description>
      <types1:AppliesTo/>
      <types1:Tags/>
      <types1:VersionLabel>1.0</types1:VersionLabel>
      <types1:State>CURRENT</types1:State>
      <types1:ProcessGroup/>
      <types1:CreatedBy>jbrazda@unicosolution.com.dev</types1:CreatedBy>
      <types1:CreationDate>2020-03-25T23:14:03Z</types1:CreationDate>
      <types1:ModifiedBy/>
      <types1:PublicationStatus>unpublished</types1:PublicationStatus>
      <types1:AutosaveExists>false</types1:AutosaveExists>
      <types1:Entry>
         <processObject xmlns="http://schemas.active-endpoints.com/appmodules/screenflow/2011/06/avosHostEnvironment.xsd"
                        displayName="actions"
                        isByCopy="true"
                        name="actions">
            <description>List of actions for a Alert Event</description>
            <tags/>
            <detail>
               <field label="action" name="action" type="objectlist">
                  <options>
                     <option name="referenceTo">$po:action</option>
                     <option name="guid">cl8knTQGCSQb6MQhyH12Ut</option>
                     <option name="relationshipName">Child</option>
                  </options>
               </field>
            </detail>
         </processObject>
      </types1:Entry>
      <types1:GUID>bDc1JyCweSqgiI9ugh5dwD</types1:GUID>
      <types1:DisplayName>actions</types1:DisplayName>
   </types1:Item>
   <types1:CurrentServerDateTime>2021-06-04T15:22:03.332Z</types1:CurrentServerDateTime>
</aetgt:getResponse>
