<aetgt:getResponse xmlns:aetgt="http://schemas.active-endpoints.com/appmodules/repository/2010/10/avrepository.xsd"
                   xmlns:types1="http://schemas.active-endpoints.com/appmodules/repository/2010/10/avrepository.xsd">
   <types1:Item>
      <types1:EntryId>2iXieHufWC64Ky2-gt-4509483-2019-06-18T14:08:18.866Z::po.xml</types1:EntryId>
      <types1:Name>action-email</types1:Name>
      <types1:MimeType>application/xml+processobject</types1:MimeType>
      <types1:Description>PO to store Email Action details  Such as subject recipients</types1:Description>
      <types1:AppliesTo/>
      <types1:Tags/>
      <types1:VersionLabel>1.0</types1:VersionLabel>
      <types1:State>CURRENT</types1:State>
      <types1:ProcessGroup/>
      <types1:CreatedBy>jbrazda-iics@informatica.com</types1:CreatedBy>
      <types1:CreationDate>2019-06-18T14:08:19Z</types1:CreationDate>
      <types1:ModifiedBy>jbrazda-iics@informatica.com</types1:ModifiedBy>
      <types1:ModificationDate>2019-09-05T21:13:57Z</types1:ModificationDate>
      <types1:PublicationStatus>unpublished</types1:PublicationStatus>
      <types1:AutosaveExists>false</types1:AutosaveExists>
      <types1:Entry>
         <processObject xmlns="http://schemas.active-endpoints.com/appmodules/screenflow/2011/06/avosHostEnvironment.xsd"
                        displayName="action-email"
                        isByCopy="true"
                        name="action-email">
            <description>PO to store Email Action details  Such as subject recipients</description>
            <tags/>
            <detail>
               <field label="subject" name="subject" type="string"/>
               <field label="to" name="to" type="string"/>
               <field label="cc" name="cc" type="string"/>
               <field label="bcc" name="bcc" type="string"/>
               <field label="contentType" name="contentType" type="string"/>
               <field label="actionName" name="actionName" type="string"/>
            </detail>
         </processObject>
      </types1:Entry>
      <types1:GUID>0XBGnDRR3WMgJR50uEhJiV</types1:GUID>
      <types1:DisplayName>action-email</types1:DisplayName>
   </types1:Item>
   <types1:CurrentServerDateTime>2019-09-06T15:10:31.544Z</types1:CurrentServerDateTime>
</aetgt:getResponse>
