<aetgt:getResponse xmlns:aetgt="http://schemas.active-endpoints.com/appmodules/repository/2010/10/avrepository.xsd"
                   xmlns:types1="http://schemas.active-endpoints.com/appmodules/repository/2010/10/avrepository.xsd">
   <types1:Item>
      <types1:EntryId>xX0ls2z8Uuopz4K-gt-2341622-2020-03-25T23:14:00.737Z::po.xml</types1:EntryId>
      <types1:Name>alert-config</types1:Name>
      <types1:MimeType>application/xml+processobject</types1:MimeType>
      <types1:Description>Alert Configuration Properties</types1:Description>
      <types1:AppliesTo/>
      <types1:Tags/>
      <types1:VersionLabel>1.0</types1:VersionLabel>
      <types1:State>CURRENT</types1:State>
      <types1:ProcessGroup/>
      <types1:CreatedBy>jbrazda@unicosolution.com.dev</types1:CreatedBy>
      <types1:CreationDate>2020-03-25T23:14:01Z</types1:CreationDate>
      <types1:ModifiedBy/>
      <types1:PublicationStatus>unpublished</types1:PublicationStatus>
      <types1:AutosaveExists>false</types1:AutosaveExists>
      <types1:Entry>
         <processObject xmlns="http://schemas.active-endpoints.com/appmodules/screenflow/2011/06/avosHostEnvironment.xsd"
                        displayName="alert-config"
                        isByCopy="true"
                        name="alert-config">
            <description>Alert Configuration Properties</description>
            <tags/>
            <detail>
               <field label="Name" name="Name" type="string"/>
               <field label="Description" name="Description" type="textarea"/>
               <field label="created" name="created" type="datetime"/>
               <field label="updated" name="updated" type="datetime"/>
               <field label="createdBy" name="createdBy" type="string"/>
               <field label="updatedBy" name="updatedBy" type="string"/>
            </detail>
         </processObject>
      </types1:Entry>
      <types1:GUID>6MExyLqRu2bi4W3D83NIAA</types1:GUID>
      <types1:DisplayName>alert-config</types1:DisplayName>
   </types1:Item>
   <types1:CurrentServerDateTime>2021-06-04T15:22:02.499Z</types1:CurrentServerDateTime>
</aetgt:getResponse>
