<aetgt:getResponse xmlns:aetgt="http://schemas.active-endpoints.com/appmodules/repository/2010/10/avrepository.xsd"
                   xmlns:types1="http://schemas.active-endpoints.com/appmodules/repository/2010/10/avrepository.xsd">
   <types1:Item>
      <types1:EntryId>goXFtclq1iUsRvs-gt-6346475-2020-03-25T23:14:04.11Z::po.xml</types1:EntryId>
      <types1:Name>FaultAlertConfiguration</types1:Name>
      <types1:ParentFlowIds>dq9bdsreK8ZAZf5-gt-6346495-2020-03-25T23:14:04.405Z::pd.xml,GlBghNf4TsrT2ht-gt-6346513-2020-03-25T23:14:04.52Z::pd.xml</types1:ParentFlowIds>
      <types1:MimeType>application/xml+processobject</types1:MimeType>
      <types1:Description>PO  to define Fault Alert Service Configuration and also Output of Alert Rules evaluation</types1:Description>
      <types1:AppliesTo/>
      <types1:Tags/>
      <types1:VersionLabel>1.0</types1:VersionLabel>
      <types1:State>CURRENT</types1:State>
      <types1:ProcessGroup/>
      <types1:CreatedBy>jbrazda@unicosolution.com.dev</types1:CreatedBy>
      <types1:CreationDate>2020-03-25T23:14:04Z</types1:CreationDate>
      <types1:ModifiedBy/>
      <types1:PublicationStatus>unpublished</types1:PublicationStatus>
      <types1:AutosaveExists>false</types1:AutosaveExists>
      <types1:Entry>
         <processObject xmlns="http://schemas.active-endpoints.com/appmodules/screenflow/2011/06/avosHostEnvironment.xsd"
                        displayName="FaultAlertConfiguration"
                        isByCopy="true"
                        name="FaultAlertConfiguration">
            <description>PO  to define Fault Alert Service Configuration and also Output of Alert Rules evaluation</description>
            <tags/>
            <detail>
               <field label="alert-config" name="alert-config" type="reference">
                  <options>
                     <option name="referenceTo">$po:alert-config</option>
                     <option name="guid">6MExyLqRu2bi4W3D83NIAA</option>
                     <option name="relationshipName">Child</option>
                  </options>
               </field>
               <field label="rules" name="rules" type="reference">
                  <options>
                     <option name="referenceTo">$po:rules</option>
                     <option name="guid">g3sDpxvzb41dIEbIRpTycZ</option>
                     <option name="relationshipName">Child</option>
                  </options>
               </field>
               <field label="actions" name="actions" type="reference">
                  <options>
                     <option name="referenceTo">$po:actions</option>
                     <option name="guid">bDc1JyCweSqgiI9ugh5dwD</option>
                     <option name="relationshipName">Child</option>
                  </options>
               </field>
               <field label="invokeActions" name="invokeActions" type="reference">
                  <options>
                     <option name="referenceTo">$po:actions</option>
                     <option name="guid">bDc1JyCweSqgiI9ugh5dwD</option>
                     <option name="relationshipName">Child</option>
                  </options>
               </field>
            </detail>
         </processObject>
      </types1:Entry>
      <types1:GUID>gEj5IRxX4gJgsLJ33z58qv</types1:GUID>
      <types1:DisplayName>FaultAlertConfiguration</types1:DisplayName>
   </types1:Item>
   <types1:CurrentServerDateTime>2021-06-04T15:22:03.515Z</types1:CurrentServerDateTime>
</aetgt:getResponse>
